category,importance_pct
MACRO,21.763194445504503
BEHAVIORAL,12.721926923428454
EXPOSURE,12.237706513607082
COLLATERAL,8.602956687242825
EMPLOYMENT,7.104193523548708
INCOME,5.747102561837557
LOAN_STRUCTURE,5.2279162621420925
OTHER,4.678355841201631
LOSS_SEVERITY,4.119703415501591
DEMOGRAPHICS,3.941681033416079
AFFORDABILITY,3.658303615026249
LEVERAGE,3.363353891962562
EWS,2.490468576805553
CREDIT BEHAVIOR,2.4192190133397085
DELINQUENCY,1.8529318185608927
IFRS9,0.07098587687451452
