category,importance_pct
MACRO,20.651831117595812
EXPOSURE,13.519506860563006
BEHAVIORAL,12.331443890930265
COLLATERAL,8.554109465403288
EMPLOYMENT,7.553936677303672
INCOME,5.683131592350796
LOAN_STRUCTURE,5.283133348645491
OTHER,4.452961440956762
LOSS_SEVERITY,4.331222096670106
AFFORDABILITY,3.7416683398791633
DEMOGRAPHICS,3.6359429120821884
LEVERAGE,3.4828764142621225
EWS,2.5420237099202976
CREDIT BEHAVIOR,2.1885475991761836
DELINQUENCY,1.941641814674474
IFRS9,0.10602271958637588
